{"train_loss": 0.00021736610869993456, "_timestamp": 1708825133.6444824, "_runtime": 441.8585274219513, "_step": 494, "validation": {"_type": "images/separated", "width": 512, "height": 512, "format": "png", "count": 1, "filenames": ["media/images/validation_368_e86475c59282acd941ec.png"], "captions": ["0: Gundam"]}, "_wandb": {"runtime": 442}}